{
	"class_name" : "PinholeCameraParameters",
	"extrinsic" : 
	[
		-0.98772283515540349,
		0.053359253388285698,
		-0.14682094874511714,
		0.0,
		0.10672935869362896,
		0.91680137966063024,
		-0.38481693601661016,
		0.0,
		0.11407210397559203,
		-0.39576258076049825,
		-0.91124065688728573,
		0.0,
		-0.0,
		1.1368683772161603e-13,
		1479.5844491404112,
		1.0
	],
	"intrinsic" : 
	{
		"height" : 600,
		"intrinsic_matrix" : 
		[
			519.6152422706632,
			0.0,
			0.0,
			0.0,
			519.6152422706632,
			0.0,
			399.5,
			299.5,
			1.0
		],
		"width" : 800
	},
	"version_major" : 1,
	"version_minor" : 0
}